accuracy,auc,loss,precision,recall,val_accuracy,val_auc,val_loss,val_precision,val_recall,learning_rate
0.7197740077972412,0.7853841185569763,0.5781173706054688,0.7285546660423279,0.700564980506897,0.5,0.6422022581100464,2.6758675575256348,0.0,0.0,0.0010000000474974513
0.7242937684059143,0.8039171695709229,0.5457530617713928,0.73380446434021,0.703954815864563,0.5,0.7033795714378357,2.287498950958252,0.0,0.0,0.0010000000474974513
0.7310734391212463,0.8040269613265991,0.5434749126434326,0.7239868640899658,0.7468926310539246,0.5,0.7728254795074463,1.4051240682601929,0.0,0.0,0.0010000000474974513
0.7361581921577454,0.7985221147537231,0.5514034032821655,0.7242489457130432,0.7627118825912476,0.5,0.7399030923843384,2.042675256729126,0.0,0.0,0.0010000000474974513
0.7435027956962585,0.8179105520248413,0.5251381993293762,0.730975329875946,0.7706214785575867,0.5131579041481018,0.7151523232460022,1.0610347986221313,0.6086956262588501,0.0736842080950737,0.0010000000474974513
0.7463276982307434,0.8182399868965149,0.5274738669395447,0.7354211807250977,0.7694915533065796,0.6105263233184814,0.8424376845359802,0.6057449579238892,0.8888888955116272,0.2526315748691559,0.0010000000474974513
0.7553672194480896,0.822504997253418,0.5209212899208069,0.7478070259094238,0.7706214785575867,0.5815789699554443,0.815138578414917,1.06741201877594,0.9428571462631226,0.17368420958518982,0.0010000000474974513
0.7677966356277466,0.834013819694519,0.5098730325698853,0.7548387050628662,0.7932203412055969,0.6342105269432068,0.8253324031829834,0.7221397161483765,0.9322034120559692,0.28947368264198303,0.0010000000474974513
0.7683615684509277,0.8388112783432007,0.5012146830558777,0.763012170791626,0.7785310745239258,0.5131579041481018,0.49795010685920715,7.297249794006348,1.0,0.02631578966975212,0.0010000000474974513
0.7740113139152527,0.8527862429618835,0.4790624976158142,0.7667766809463501,0.787570595741272,0.75,0.8349999785423279,0.5260432958602905,0.7777777910232544,0.699999988079071,0.0005000000237487257
0.7655367255210876,0.856124997138977,0.4710254967212677,0.7588105797767639,0.7785310745239258,0.5,0.5,6.913580417633057,0.0,0.0,0.0005000000237487257
0.789265513420105,0.8600255846977234,0.46903011202812195,0.7838137745857239,0.7988700270652771,0.5,0.8383240699768066,1.6851978302001953,0.0,0.0,0.0005000000237487257
0.7830508351325989,0.8663825988769531,0.4540741443634033,0.783691942691803,0.7819209098815918,0.5,0.7395151853561401,2.4398207664489746,0.0,0.0,0.0005000000237487257
0.7870056629180908,0.8762386441230774,0.4376455843448639,0.7797356843948364,0.800000011920929,0.5684210658073425,0.7968698143959045,0.9740517735481262,0.538922131061554,0.9473684430122375,0.0002500000118743628
0.804519772529602,0.8885595202445984,0.4184233844280243,0.8130081295967102,0.790960431098938,0.5026316046714783,0.7373822927474976,2.415785551071167,1.0,0.005263158120214939,0.0002500000118743628
0.799435019493103,0.8847138285636902,0.42480430006980896,0.801822304725647,0.7954802513122559,0.6157894730567932,0.7045013308525085,0.8539685010910034,0.5879999995231628,0.7736842036247253,0.0002500000118743628
0.798305094242096,0.886157214641571,0.4184374213218689,0.8098591566085815,0.7796609997749329,0.5342105031013489,0.7358448505401611,1.1891165971755981,0.9333333373069763,0.0736842080950737,0.0001250000059371814
